tier_rank,tier_label,Name,Website,Logo URL,Sponsor Profile URL
6,Community Partners,0x499,,https://consensus-hongkong2025.coindesk.com/site/consensushongkong202/images/userfiles/partners/d75bf1aee3246f9bba84073b1e7a48ea.png,https://consensus-hongkong2025.coindesk.com/agenda/sponsor/-0x499
6,Community Partners,10x Research,https://10xresearch.co/,https://consensus-hongkong2025.coindesk.com/site/consensushongkong202/images/userfiles/partners/055e7cd9c92eab5bd8a97832dcd541d6.png,https://consensus-hongkong2025.coindesk.com/agenda/sponsor/-10x-research
6,Community Partners,1783 DAO,,https://consensus-hongkong2025.coindesk.com/site/consensushongkong202/images/userfiles/partners/b2fadbb61786724dec327b31f6c508ec.png,https://consensus-hongkong2025.coindesk.com/agenda/sponsor/-1783-dao
6,Community Partners,9 CAT DIGITAL,https://9catdigital.com/,https://consensus-hongkong2025.coindesk.com/site/consensushongkong202/images/userfiles/partners/7f1430a29c45f56af23288130b724b78.png,https://consensus-hongkong2025.coindesk.com/agenda/sponsor/-9-cat-digital
6,Community Partners,All Stars Women,https://www.aswdao.com/,https://consensus-hongkong2025.coindesk.com/site/consensushongkong202/images/userfiles/partners/de4411eaca89cf2661e85db13310cd8c.png,https://consensus-hongkong2025.coindesk.com/agenda/sponsor/-all-stars-women
6,Community Partners,AllConfsBot,https://t.me/Allconfsbot,https://consensus-hongkong2025.coindesk.com/site/consensushongkong202/images/userfiles/partners/46f89b04fbfa88633b4f3ac89a1d89d3.png,https://consensus-hongkong2025.coindesk.com/agenda/sponsor/-allconfsbot
6,Community Partners,Amphitech,https://amphi.space/,https://consensus-hongkong2025.coindesk.com/site/consensushongkong202/images/userfiles/partners/261769de5eae317e06e252b09372fe1a.png,https://consensus-hongkong2025.coindesk.com/agenda/sponsor/-amphitech-2
6,Community Partners,ANNA,,https://consensus-hongkong2025.coindesk.com/site/consensushongkong202/images/userfiles/partners/83df879286add0ee3d3e20c5b8db6803.png,https://consensus-hongkong2025.coindesk.com/agenda/sponsor/-anna
6,Community Partners,APAC DAO,https://apacdao.net/,https://consensus-hongkong2025.coindesk.com/site/consensushongkong202/images/userfiles/partners/2a907975909012d5c5b2532c1fc6551c.png,https://consensus-hongkong2025.coindesk.com/agenda/sponsor/-apac-dao
6,Community Partners,Arc Community,https://arccommunity.com/,https://consensus-hongkong2025.coindesk.com/site/consensushongkong202/images/userfiles/partners/5aada21d3ce10e1e95a323cdb5f04240.png,https://consensus-hongkong2025.coindesk.com/agenda/sponsor/-arc-community
6,Community Partners,Aspire Solutions,http://vcfounderssummit.com,https://consensus-hongkong2025.coindesk.com/site/consensushongkong202/images/userfiles/partners/a7f497b6a423e7e379542465759c6899.png,https://consensus-hongkong2025.coindesk.com/agenda/sponsor/-aspire-solutions
6,Community Partners,Association Blockchain Asia,https://associationblockchainasia.org/,https://consensus-hongkong2025.coindesk.com/site/consensushongkong202/images/userfiles/partners/9973b7647136aadbbf7180d9420249ce.png,https://consensus-hongkong2025.coindesk.com/agenda/sponsor/-association-blockchain-asia
6,Community Partners,Bitcoin Addict Thailand,https://www.bitcoinaddict.com/,https://consensus-hongkong2025.coindesk.com/site/consensushongkong202/images/userfiles/partners/05b7b169726e9fb8cc05f41ad334eb6f.png,https://consensus-hongkong2025.coindesk.com/agenda/sponsor/-bitcoin-addict
6,Community Partners,Blockchain Association Singapore,,https://consensus-hongkong2025.coindesk.com/site/consensushongkong202/images/userfiles/partners/8a811711a7db47934a3a736b8a7e2852.png,https://consensus-hongkong2025.coindesk.com/agenda/sponsor/-blockchain-association-singapore-2
6,Community Partners,Blockhead,https://www.blockhead.co/,https://consensus-hongkong2025.coindesk.com/site/consensushongkong202/images/userfiles/partners/153d3532cc3a7a205977502960edd1fc.png,https://consensus-hongkong2025.coindesk.com/agenda/sponsor/-blockhead
6,Community Partners,Cillioinaire,https://cillionaire.com/,https://consensus-hongkong2025.coindesk.com/site/consensushongkong202/images/userfiles/partners/bdf198100455b1932bb549a5e45c4c9c.png,https://consensus-hongkong2025.coindesk.com/agenda/sponsor/-cillioinaire
6,Community Partners,Cognito,https://www.cognitomedia.com/,https://consensus-hongkong2025.coindesk.com/site/consensushongkong202/images/userfiles/partners/2b560957f4c4d7b453d57dbaf90a7318.png,https://consensus-hongkong2025.coindesk.com/agenda/sponsor/-cognito
6,Community Partners,Coin68,https://coin68.com/,https://consensus-hongkong2025.coindesk.com/site/consensushongkong202/images/userfiles/partners/4518f986e898c32c1e4a27778e9846c7.png,https://consensus-hongkong2025.coindesk.com/agenda/sponsor/-coin68
6,Community Partners,CoinEasy,https://www.coineasy.xyz/,https://consensus-hongkong2025.coindesk.com/site/consensushongkong202/images/userfiles/partners/c3ad67cf547ed77c480dcce6df680c2b.png,https://consensus-hongkong2025.coindesk.com/agenda/sponsor/-coineasy
6,Community Partners,CoinFabrik,https://www.coinfabrik.com/,https://consensus-hongkong2025.coindesk.com/site/consensushongkong202/images/userfiles/partners/da1259b7e4fc4eb530fd19b69f1ec74d.png,https://consensus-hongkong2025.coindesk.com/agenda/sponsor/-coinfabrik
6,Community Partners,CoinGecko,https://landing.coingecko.com/geckocon-2024/,https://consensus-hongkong2025.coindesk.com/site/consensushongkong202/images/userfiles/partners/6de85c8b35742e9bb983008718d69651.png,https://consensus-hongkong2025.coindesk.com/agenda/sponsor/-coingecko
6,Community Partners,Coinlisting.net,https://coinlisting.net/community/,https://consensus-hongkong2025.coindesk.com/site/consensushongkong202/images/userfiles/partners/b9c17213a12280c05733747b3342c3de.png,https://consensus-hongkong2025.coindesk.com/agenda/sponsor/-coinlistingnet
6,Community Partners,CoinMarketCap,https://coinmarketcap.com/,https://consensus-hongkong2025.coindesk.com/site/consensushongkong202/images/userfiles/partners/046763155633b38d90e4b59193b26ca7.png,https://consensus-hongkong2025.coindesk.com/agenda/sponsor/-coinmarketcap
6,Community Partners,COLLEGE DAO,,https://consensus-hongkong2025.coindesk.com/site/consensushongkong202/images/userfiles/partners/8fbd6803d2c635d032058776b3ec873b.png,https://consensus-hongkong2025.coindesk.com/agenda/sponsor/-college-dao
6,Community Partners,Covey,https://covey.tech/,https://consensus-hongkong2025.coindesk.com/site/consensushongkong202/images/userfiles/partners/b6308ac16f906595cb2468ce57f31ba6.png,https://consensus-hongkong2025.coindesk.com/agenda/sponsor/-covey
6,Community Partners,Cryptorank,https://cryptorank.io/,https://consensus-hongkong2025.coindesk.com/site/consensushongkong202/images/userfiles/partners/7fef8cdeda15928b8c08b69fae5e42e2.png,https://consensus-hongkong2025.coindesk.com/agenda/sponsor/-cryptorank-2
6,Community Partners,Cyberport,https://www.cyberport.hk/en,https://consensus-hongkong2025.coindesk.com/site/consensushongkong202/images/userfiles/partners/d3f422a5465149864b5d682aff1cacff.png,https://consensus-hongkong2025.coindesk.com/agenda/sponsor/-cyberport
6,Community Partners,DAO Ready Player Club,https://www.readyplayerclub.com/,https://consensus-hongkong2025.coindesk.com/site/consensushongkong202/images/userfiles/partners/22dafed22509b1195f657f77dc808eca.png,https://consensus-hongkong2025.coindesk.com/agenda/sponsor/-dao-ready-player-club
6,Community Partners,DevRhylme Foundation,https://devrhylme.org/,https://consensus-hongkong2025.coindesk.com/site/consensushongkong202/images/userfiles/partners/b0e00310a69340de1fd6b7ca37ab892f.png,https://consensus-hongkong2025.coindesk.com/agenda/sponsor/-devrhylme-foundation
6,Community Partners,DevsOnChain,https://www.devsonchain.com/,https://consensus-hongkong2025.coindesk.com/site/consensushongkong202/images/userfiles/partners/a3e6ef88ed371b5d9aa0cb1bff9d4150.png,https://consensus-hongkong2025.coindesk.com/agenda/sponsor/-devsonchain
6,Community Partners,DEXTools,https://dextools.io/,https://consensus-hongkong2025.coindesk.com/site/consensushongkong202/images/userfiles/partners/83452ef3f45f8f25b6579829babd2ea6.png,https://consensus-hongkong2025.coindesk.com/agenda/sponsor/-dextools
6,Community Partners,DroomDroom,https://droomdroom.com/,https://consensus-hongkong2025.coindesk.com/site/consensushongkong202/images/userfiles/partners/ad64187a7ecabe5b701a9debc3704372.png,https://consensus-hongkong2025.coindesk.com/agenda/sponsor/-droomdroom
6,Community Partners,Etherscan,https://etherscan.io/,https://consensus-hongkong2025.coindesk.com/site/consensushongkong202/images/userfiles/partners/679a12ee7ba35fcee508a2724ef1db14.png,https://consensus-hongkong2025.coindesk.com/agenda/sponsor/-etherscan
6,Community Partners,Fintech Association of Hong Kong,https://ftahk.org/,https://consensus-hongkong2025.coindesk.com/site/consensushongkong202/images/userfiles/partners/c9c086b9091c5327046d8c46b49c1434.png,https://consensus-hongkong2025.coindesk.com/agenda/sponsor/-fintech-association-of-hong-kong
6,Community Partners,For WEB3,,https://consensus-hongkong2025.coindesk.com/site/consensushongkong202/images/userfiles/partners/47c0d606da6833d31e5818ff4841ed3c.png,https://consensus-hongkong2025.coindesk.com/agenda/sponsor/-for-web3
6,Community Partners,Foundership,https://foundershiphq.com/,https://consensus-hongkong2025.coindesk.com/site/consensushongkong202/images/userfiles/partners/d17994e7e66975d5c6d8d3761027af87.png,https://consensus-hongkong2025.coindesk.com/agenda/sponsor/-foundership-2
6,Community Partners,Global Boost Media,http://globalboo.st/,https://consensus-hongkong2025.coindesk.com/site/consensushongkong202/images/userfiles/partners/4ef902cd79482294f23c48fdb93228c6.png,https://consensus-hongkong2025.coindesk.com/agenda/sponsor/-global-boost-media
6,Community Partners,H.E.R. DAO,https://www.her-dao.xyz/,https://consensus-hongkong2025.coindesk.com/site/consensushongkong202/images/userfiles/partners/7f64e416a5c0168ac98ea99f2078a88c.png,https://consensus-hongkong2025.coindesk.com/agenda/sponsor/-her-dao
6,Community Partners,HEXAGON,,https://consensus-hongkong2025.coindesk.com/site/consensushongkong202/images/userfiles/partners/f3f72bb4eebf59f85779c7fbb0107fef.png,https://consensus-hongkong2025.coindesk.com/agenda/sponsor/-hexagon
6,Community Partners,HiBlock,https://www.hiblock.io/,https://consensus-hongkong2025.coindesk.com/site/consensushongkong202/images/userfiles/partners/dc2f22395d00a89ef4f057254352acf1.png,https://consensus-hongkong2025.coindesk.com/agenda/sponsor/-hiblock
6,Community Partners,HKBA,https://hkba.club/,https://consensus-hongkong2025.coindesk.com/site/consensushongkong202/images/userfiles/partners/c2c2d93cfb8c2a47b7a114996ece2afd.png,https://consensus-hongkong2025.coindesk.com/agenda/sponsor/-hkba
6,Community Partners,HKU Blockchain,https://commoncore.hku.hk/team/blockchainhku/,https://consensus-hongkong2025.coindesk.com/site/consensushongkong202/images/userfiles/partners/c7e59f065c54323a77b874351618086c.png,https://consensus-hongkong2025.coindesk.com/agenda/sponsor/-hku-blockchain
6,Community Partners,Hong Kong SAR,,https://consensus-hongkong2025.coindesk.com/site/consensushongkong202/images/userfiles/partners/17a305d3dbb86705ca2e9779bd83a8c1.png,https://consensus-hongkong2025.coindesk.com/agenda/sponsor/-hong-kong-sar
6,Community Partners,Hong Kong Tourism Board,https://www.discoverhongkong.com/us/index.html,https://consensus-hongkong2025.coindesk.com/site/consensushongkong202/images/userfiles/partners/9d04db6f6f5e3ce4cc5f64a1a940d808.png,https://consensus-hongkong2025.coindesk.com/agenda/sponsor/-hktb
6,Community Partners,ICP CHINA COMMUNITY,,https://consensus-hongkong2025.coindesk.com/site/consensushongkong202/images/userfiles/partners/dbcf8a8e92e512d1320b2491ff59b1a6.png,https://consensus-hongkong2025.coindesk.com/agenda/sponsor/-icp-china-community
6,Community Partners,LXDAO,https://lxdao.io/,https://consensus-hongkong2025.coindesk.com/site/consensushongkong202/images/userfiles/partners/0ce1e80e3d219d880947d7ddeea763f3.png,https://consensus-hongkong2025.coindesk.com/agenda/sponsor/-lxdao
6,Community Partners,Lydian Labs,https://lydianlabs.io/,https://consensus-hongkong2025.coindesk.com/site/consensushongkong202/images/userfiles/partners/b49c4f9bad215dcb14fd750ce278e339.png,https://consensus-hongkong2025.coindesk.com/agenda/sponsor/-lydian-labs
6,Community Partners,Malaysia Blockchain Week,https://myblockchainweek.com/,https://consensus-hongkong2025.coindesk.com/site/consensushongkong202/images/userfiles/partners/5e92d58efa591560e0681d9972feadaa.png,https://consensus-hongkong2025.coindesk.com/agenda/sponsor/-malaysia-blockchain-week
6,Community Partners,MetaEra,https://www.metaera.hk/,https://consensus-hongkong2025.coindesk.com/site/consensushongkong202/images/userfiles/partners/528d1be0a25f78fd2e80cf97c6253562.png,https://consensus-hongkong2025.coindesk.com/agenda/sponsor/-metaera
6,Community Partners,Moledao,https://moledao.io/#/home,https://consensus-hongkong2025.coindesk.com/site/consensushongkong202/images/userfiles/partners/392dc923806b1b27ba64a8fce75b1a89.png,https://consensus-hongkong2025.coindesk.com/agenda/sponsor/-moledao
6,Community Partners,Monsterblock HK,https://monsterblockhk.com/,https://consensus-hongkong2025.coindesk.com/site/consensushongkong202/images/userfiles/partners/c2dd423846d8e15bd6a0940813bad4d7.png,https://consensus-hongkong2025.coindesk.com/agenda/sponsor/-monsterblock-hk
6,Community Partners,Mpost,https://mpost.io/,https://consensus-hongkong2025.coindesk.com/site/consensushongkong202/images/userfiles/partners/a6ad088f8299e8c0022aa6acfecf2150.png,https://consensus-hongkong2025.coindesk.com/agenda/sponsor/-mpost
6,Community Partners,NCU Blockchain Club,,https://consensus-hongkong2025.coindesk.com/site/consensushongkong202/images/userfiles/partners/c918ccca7d993be747754b0caf3ef958.png,https://consensus-hongkong2025.coindesk.com/agenda/sponsor/-ncu-blockchain-club
6,Community Partners,Not Your Taken,http://www.notyourtoken.io,https://consensus-hongkong2025.coindesk.com/site/consensushongkong202/images/userfiles/partners/b4fb40ac3b5ab047cd69cf867c032a2c.png,https://consensus-hongkong2025.coindesk.com/agenda/sponsor/-not-your-taken
6,Community Partners,Offchain,,https://consensus-hongkong2025.coindesk.com/site/consensushongkong202/images/userfiles/partners/17c7e4a2d5200d4030c50165411f5d34.png,https://consensus-hongkong2025.coindesk.com/agenda/sponsor/-offchain
6,Community Partners,OG CLUB,,https://consensus-hongkong2025.coindesk.com/site/consensushongkong202/images/userfiles/partners/1893b0883be5b3272569c2229d10f389.png,https://consensus-hongkong2025.coindesk.com/agenda/sponsor/-og-club
6,Community Partners,OX WILDS,http://www.0xwilds.com/,https://consensus-hongkong2025.coindesk.com/site/consensushongkong202/images/userfiles/partners/7cdec7fd55d4c10b805a20322ad058b2.png,https://consensus-hongkong2025.coindesk.com/agenda/sponsor/-ox-wilds
6,Community Partners,OXFORD SBS,https://www.sbs.ox.ac.uk/,https://consensus-hongkong2025.coindesk.com/site/consensushongkong202/images/userfiles/partners/e1ae0bb628cae4c9f0bf760927d784fc.png,https://consensus-hongkong2025.coindesk.com/agenda/sponsor/-oxford-sbs
6,Community Partners,Pacific Meta,https://pacific-meta.co.jp/en/,https://consensus-hongkong2025.coindesk.com/site/consensushongkong202/images/userfiles/partners/d3bf20984d9cd045ecd614df334d10c9.png,https://consensus-hongkong2025.coindesk.com/agenda/sponsor/-pacific-meta
6,Community Partners,PAIRED WORLD FOUNDATION,https://www.paired.world/,https://consensus-hongkong2025.coindesk.com/site/consensushongkong202/images/userfiles/partners/2d45391f63a3b7241727f80d7afc35f0.png,https://consensus-hongkong2025.coindesk.com/agenda/sponsor/-paired-world-foundation
6,Community Partners,PANews,https://www.panewslab.com/,https://consensus-hongkong2025.coindesk.com/site/consensushongkong202/images/userfiles/partners/cea9d929df86102b8bf38accf53050e9.png,https://consensus-hongkong2025.coindesk.com/agenda/sponsor/-panews
6,Community Partners,PayCoinCapital,https://paycoincapital.com/,https://consensus-hongkong2025.coindesk.com/site/consensushongkong202/images/userfiles/partners/19a30ae3dc67b1c1e963dad19adb9482.png,https://consensus-hongkong2025.coindesk.com/agenda/sponsor/-paycoincapital
6,Community Partners,Pivot,,https://consensus-hongkong2025.coindesk.com/site/consensushongkong202/images/userfiles/partners/7b417452dd22a385f92b323378417f53.png,https://consensus-hongkong2025.coindesk.com/agenda/sponsor/-pivot
6,Community Partners,Popocorn Today,https://t.me/popcorn_today,https://consensus-hongkong2025.coindesk.com/site/consensushongkong202/images/userfiles/partners/63fa5a92404e024fd29b69ca17dd083e.png,https://consensus-hongkong2025.coindesk.com/agenda/sponsor/-popocorn-today
6,Community Partners,Pukecast,,https://consensus-hongkong2025.coindesk.com/site/consensushongkong202/images/userfiles/partners/3b116e0ea50092fc9cd92b3282b992f9.png,https://consensus-hongkong2025.coindesk.com/agenda/sponsor/-pukecast
6,Community Partners,Satoshi Club,https://clubsatoshi.io/,https://consensus-hongkong2025.coindesk.com/site/consensushongkong202/images/userfiles/partners/f678586cca97d2a2e818fa055964a1c1.png,https://consensus-hongkong2025.coindesk.com/agenda/sponsor/-satoshi-club
6,Community Partners,Serotonin,https://serotonin.co/,https://consensus-hongkong2025.coindesk.com/site/consensushongkong202/images/userfiles/partners/1139f37c0a8c4d59d5a70caa78441144.png,https://consensus-hongkong2025.coindesk.com/agenda/sponsor/-serotonin
6,Community Partners,Supermoon,,https://consensus-hongkong2025.coindesk.com/site/consensushongkong202/images/userfiles/partners/0e10666b8a832a4b110e3050ff592eb0.png,https://consensus-hongkong2025.coindesk.com/agenda/sponsor/-supermoon
6,Community Partners,Superteam Korea,,https://consensus-hongkong2025.coindesk.com/site/consensushongkong202/images/userfiles/partners/d005829554fefbe0ae762465e8c75208.png,https://consensus-hongkong2025.coindesk.com/agenda/sponsor/-superteam-korea
6,Community Partners,Superteam Vietnam,https://vn.superteam.fun/,https://consensus-hongkong2025.coindesk.com/site/consensushongkong202/images/userfiles/partners/c010e9d84c7f9ea670b8273d2f38c18f.png,https://consensus-hongkong2025.coindesk.com/agenda/sponsor/-superteam-vietnam
6,Community Partners,Taiwan Blockchain Academia,https://tba.ngo/,https://consensus-hongkong2025.coindesk.com/site/consensushongkong202/images/userfiles/partners/1f9e269f960bff4b7c568b093854de73.png,https://consensus-hongkong2025.coindesk.com/agenda/sponsor/-taiwan-blockchain-academia
6,Community Partners,TaskOn,,https://consensus-hongkong2025.coindesk.com/site/consensushongkong202/images/userfiles/partners/1db77a6131c13e62abfcc9ee7f98ef88.png,https://consensus-hongkong2025.coindesk.com/agenda/sponsor/-taskon
6,Community Partners,The Malaysia Blockchain Association (MBA),https://malaysiablockchain.org/,https://consensus-hongkong2025.coindesk.com/site/consensushongkong202/images/userfiles/partners/d3e5f149d9f0a867ca1361c0a3ad2609.png,https://consensus-hongkong2025.coindesk.com/agenda/sponsor/-the-malaysia-blockchain-association-mba
6,Community Partners,The Opinion,,https://consensus-hongkong2025.coindesk.com/site/consensushongkong202/images/userfiles/partners/7897bfb5bb994533ec06743e0f3e643c.png,https://consensus-hongkong2025.coindesk.com/agenda/sponsor/-the-opinion
6,Community Partners,THE WOMENS FOUNDATION,https://twfhk.org/,https://consensus-hongkong2025.coindesk.com/site/consensushongkong202/images/userfiles/partners/3a8cb8c1dad4e5b6c5c5c17daefd115d.png,https://consensus-hongkong2025.coindesk.com/agenda/sponsor/-the-womens-foundation-2
6,Community Partners,Vietnam Blockchain Association,https://blockchain.vn/,https://consensus-hongkong2025.coindesk.com/site/consensushongkong202/images/userfiles/partners/d677545f119d9dc8cf7b7ddafe40f9d6.png,https://consensus-hongkong2025.coindesk.com/agenda/sponsor/-vietnam-blockchain-association
6,Community Partners,VNTR Capital,,https://consensus-hongkong2025.coindesk.com/site/consensushongkong202/images/userfiles/partners/32944303d3d5c189be55cddc3eb4d7bc.png,https://consensus-hongkong2025.coindesk.com/agenda/sponsor/-vntr-capital
6,Community Partners,Web3 Harbour,https://www.web3harbour.org/,https://consensus-hongkong2025.coindesk.com/site/consensushongkong202/images/userfiles/partners/feaeb8789cf8af0eed2152a44deda857.png,https://consensus-hongkong2025.coindesk.com/agenda/sponsor/-web3-harbour
6,Community Partners,WEB3 PRENEUR,https://www.web3preneur.com/,https://consensus-hongkong2025.coindesk.com/site/consensushongkong202/images/userfiles/partners/aedc2913a45108dfabfb7be1e4c169cb.png,https://consensus-hongkong2025.coindesk.com/agenda/sponsor/-web3-preneur
6,Community Partners,Web3Event,https://www.web3event.org/,https://consensus-hongkong2025.coindesk.com/site/consensushongkong202/images/userfiles/partners/d0a310bb915a0489d1489b7f762fba51.png,https://consensus-hongkong2025.coindesk.com/agenda/sponsor/-web3event-2
6,Community Partners,Web3Finance Club,https://www.web3financeclub.com,https://consensus-hongkong2025.coindesk.com/site/consensushongkong202/images/userfiles/partners/c501141a5d913d11d10dae292a678be3.png,https://consensus-hongkong2025.coindesk.com/agenda/sponsor/-web3finance-club
6,Community Partners,Whitewater Labs,https://go.coindesk.com/whitewaterlabs,https://consensus-hongkong2025.coindesk.com/site/consensushongkong202/images/userfiles/partners/5c6f68931d2c540cf4db70bcc12982aa.png,https://consensus-hongkong2025.coindesk.com/agenda/sponsor/-whitewater-labs
6,Community Partners,Women Techmakers,,https://consensus-hongkong2025.coindesk.com/site/consensushongkong202/images/userfiles/partners/9cec74078333c07aa1d22aae7b10dd9b.png,https://consensus-hongkong2025.coindesk.com/agenda/sponsor/-women-techmakers
6,Community Partners,XueDAO,https://www.xuedao.xyz/,https://consensus-hongkong2025.coindesk.com/site/consensushongkong202/images/userfiles/partners/0965785c771e6d367aa5a8b875a622b0.png,https://consensus-hongkong2025.coindesk.com/agenda/sponsor/-xuedao
6,Community Partners,Zo,,https://consensus-hongkong2025.coindesk.com/site/consensushongkong202/images/userfiles/partners/95a817aa91baddf38352b16f592f1d6e.png,https://consensus-hongkong2025.coindesk.com/agenda/sponsor/-zo
999,Sponsor,ABC News,,https://consensus-hongkong2025.coindesk.com/site/consensushongkong202/images/userfiles/partners/44a8257a4d5cfc2dd716156620236ef1.png,https://consensus-hongkong2025.coindesk.com/agenda/sponsor/-abc-news
999,Sponsor,AEON,https://www.aeon.xyz/,https://consensus-hongkong2025.coindesk.com/site/consensushongkong202/images/userfiles/partners/695176957aad35aad0ffa0041b75f1e6.png,https://consensus-hongkong2025.coindesk.com/agenda/sponsor/-aeon
999,Sponsor,AI Droplet,https://www.aidroplet.cn/,https://consensus-hongkong2025.coindesk.com/site/consensushongkong202/images/userfiles/partners/6d09dddf72adfa654879780dc0eb443a.png,https://consensus-hongkong2025.coindesk.com/agenda/sponsor/-ai-droplet
999,Sponsor,Alchemy Pay,https://alchemypay.org/,https://consensus-hongkong2025.coindesk.com/site/consensushongkong202/images/userfiles/partners/064e431ff188b6aacc8a22acc228d0eb.png,https://consensus-hongkong2025.coindesk.com/agenda/sponsor/-alchemy-pay
999,Sponsor,Alibaba Cloud,https://www.alibabacloud.com/en/free?_p_lc=1,https://consensus-hongkong2025.coindesk.com/site/consensushongkong202/images/userfiles/partners/44de425743fa5e997415c4d071e52b1a.png,https://consensus-hongkong2025.coindesk.com/agenda/sponsor/-alibaba-cloud-singapore
999,Sponsor,Alibaba Cloud International,https://www.alibabacloud.com/tc?_p_lc=2,https://consensus-hongkong2025.coindesk.com/site/consensushongkong202/images/userfiles/partners/1eee6e987d7e1649fc701633627d23de.png,https://consensus-hongkong2025.coindesk.com/agenda/sponsor/-alibaba-cloud
999,Sponsor,Amberdata,https://www.amberdata.io/?utm_campaign=2023-Q2-Consensus-Conference&utm_source=Consensus&utm_medium=Conference,https://consensus-hongkong2025.coindesk.com/site/consensushongkong202/images/userfiles/partners/622cd4174579813f92b7f8c40cb59e5a.png,https://consensus-hongkong2025.coindesk.com/agenda/sponsor/-amberdata
999,Sponsor,Anguilla Finance,https://ivisitanguilla.com/banking-and-investment/,https://consensus-hongkong2025.coindesk.com/site/consensushongkong202/images/userfiles/partners/cd1c7c764c9a5ef666d372daaedb5bd2.png,https://consensus-hongkong2025.coindesk.com/agenda/sponsor/-anguilla-finance
999,Sponsor,Animoca Brands,https://www.animocabrands.com/,https://consensus-hongkong2025.coindesk.com/site/consensushongkong202/images/userfiles/partners/74c2f67b28dc5a82b1634ee1d2199863.png,https://consensus-hongkong2025.coindesk.com/agenda/sponsor/-animoca-brands
999,Sponsor,Aptos,https://aptosfoundation.org/,https://consensus-hongkong2025.coindesk.com/site/consensushongkong202/images/userfiles/partners/75c6471217ed5ba79e2e62717318793e.png,https://consensus-hongkong2025.coindesk.com/agenda/sponsor/-aptos
999,Sponsor,Auros,http://auros.global,https://consensus-hongkong2025.coindesk.com/site/consensushongkong202/images/userfiles/partners/ab19d86c31503f165c74bc2ae7a0e7b8.png,https://consensus-hongkong2025.coindesk.com/agenda/sponsor/-auros
999,Sponsor,Avelacom,https://www.avelacom.com,https://consensus-hongkong2025.coindesk.com/site/consensushongkong202/images/userfiles/partners/a4b68027bec5efad98a875fb03b95cf1.png,https://consensus-hongkong2025.coindesk.com/agenda/sponsor/-avelacom
999,Sponsor,Axios,,https://consensus-hongkong2025.coindesk.com/site/consensushongkong202/images/userfiles/partners/312e145d5c400b54ca950ee3fb8fbc38.png,https://consensus-hongkong2025.coindesk.com/agenda/sponsor/-axios
999,Sponsor,B2BROKER,https://b2broker.com/,https://consensus-hongkong2025.coindesk.com/site/consensushongkong202/images/userfiles/partners/ef60b8dbac9d644d8eca7d46e2c875c6.png,https://consensus-hongkong2025.coindesk.com/agenda/sponsor/-b2broker
999,Sponsor,B2C2,https://www.b2c2.com/,https://consensus-hongkong2025.coindesk.com/site/consensushongkong202/images/userfiles/partners/9132a25da0070c5d507cae112a678fb2.png,https://consensus-hongkong2025.coindesk.com/agenda/sponsor/-b2c2
999,Sponsor,Binance,,https://consensus-hongkong2025.coindesk.com/site/consensushongkong202/images/userfiles/partners/d2fed9d9c524ca00d0670c53a8b708db.png,https://consensus-hongkong2025.coindesk.com/agenda/sponsor/-binance
999,Sponsor,Bitdeer,http://www.bitdeer.com,https://consensus-hongkong2025.coindesk.com/site/consensushongkong202/images/userfiles/partners/17397cd9708e758809991e8154355ddf.png,https://consensus-hongkong2025.coindesk.com/agenda/sponsor/-bitdeer
999,Sponsor,BitGo,http://bitgo.com,https://consensus-hongkong2025.coindesk.com/site/consensushongkong202/images/userfiles/partners/fb2967a3b5ec3bb763006d11bb1b6648.png,https://consensus-hongkong2025.coindesk.com/agenda/sponsor/-bitgo
999,Sponsor,Bitpanda,https://www.bitpanda.com/en,https://consensus-hongkong2025.coindesk.com/site/consensushongkong202/images/userfiles/partners/e4f3c2ab70ba2572e46a504924e41c1b.png,https://consensus-hongkong2025.coindesk.com/agenda/sponsor/-bitpanda
999,Sponsor,BLKWEB3,https://www.blkweb3.com/,https://consensus-hongkong2025.coindesk.com/site/consensushongkong202/images/userfiles/partners/3817373af0cdea797e54728681923532.png,https://consensus-hongkong2025.coindesk.com/agenda/sponsor/-blkweb3
999,Sponsor,Blockchain Acceleration Foundation,https://www.blockchainacceleration.org/,https://consensus-hongkong2025.coindesk.com/site/consensushongkong202/images/userfiles/partners/6d88c464c4a53b95511095098e375461.png,https://consensus-hongkong2025.coindesk.com/agenda/sponsor/-blockchain-acceleration-foundation
999,Sponsor,Bloomberg,,https://consensus-hongkong2025.coindesk.com/site/consensushongkong202/images/userfiles/partners/e4d570b3d1d1e6e815c64041d8055956.png,https://consensus-hongkong2025.coindesk.com/agenda/sponsor/-bloomberg
999,Sponsor,Bullish,http://www.bullish.com,https://consensus-hongkong2025.coindesk.com/site/consensushongkong202/images/userfiles/partners/c8b0a1e56117e5b7e4e56a678a6f7e69.png,https://consensus-hongkong2025.coindesk.com/agenda/sponsor/-bullish
999,Sponsor,Byzantine Finance,https://www.byzantine.fi/,https://consensus-hongkong2025.coindesk.com/site/consensushongkong202/images/userfiles/partners/e7742e71e5b0b7817768a0a020eaae59.png,https://consensus-hongkong2025.coindesk.com/agenda/sponsor/-bizantine-finance
999,Sponsor,Cboe Digital,http://www.cboedigital.com,https://consensus-hongkong2025.coindesk.com/site/consensushongkong202/images/userfiles/partners/faf239d3698f45676f30f32016625015.png,https://consensus-hongkong2025.coindesk.com/agenda/sponsor/-cboe-digital
999,Sponsor,CertiK,http://certik.com,https://consensus-hongkong2025.coindesk.com/site/consensushongkong202/images/userfiles/partners/8ae01bc1fae4a93f8abe735914020707.png,https://consensus-hongkong2025.coindesk.com/agenda/sponsor/-certik
999,Sponsor,CHAINUP,https://www.chainup.com/,https://consensus-hongkong2025.coindesk.com/site/consensushongkong202/images/userfiles/partners/d206a15392d7d8fa91034c574e2ef4e4.png,https://consensus-hongkong2025.coindesk.com/agenda/sponsor/-chainup
999,Sponsor,ChangeNOW,https://changenow.io,https://consensus-hongkong2025.coindesk.com/site/consensushongkong202/images/userfiles/partners/97a27e07a3c6f88200dda0bd01297069.png,https://consensus-hongkong2025.coindesk.com/agenda/sponsor/-changenow
999,Sponsor,Circle,https://www.circle.com/,https://consensus-hongkong2025.coindesk.com/site/consensushongkong202/images/userfiles/partners/15fe4e417977c56a161f1d87c07f1db2.png,https://consensus-hongkong2025.coindesk.com/agenda/sponsor/-circle
999,Sponsor,Civic,https://www.civic.com,https://consensus-hongkong2025.coindesk.com/site/consensushongkong202/images/userfiles/partners/dcea5d1846d91795b1af5e71992fdba0.png,https://consensus-hongkong2025.coindesk.com/agenda/sponsor/-civic
999,Sponsor,CLS Global,https://www.cls.global/,https://consensus-hongkong2025.coindesk.com/site/consensushongkong202/images/userfiles/partners/e57a763fc36eb3fe0d0246589987bb0b.png,https://consensus-hongkong2025.coindesk.com/agenda/sponsor/-cls-global
999,Sponsor,CME Group,https://www.cmegroup.com/,https://consensus-hongkong2025.coindesk.com/site/consensushongkong202/images/userfiles/partners/55edf86afc9a090b94074fee084fb2b1.png,https://consensus-hongkong2025.coindesk.com/agenda/sponsor/-cme-group
999,Sponsor,CNBC,,https://consensus-hongkong2025.coindesk.com/site/consensushongkong202/images/userfiles/partners/79372b35062eb169a2a58ca7944113c4.png,https://consensus-hongkong2025.coindesk.com/agenda/sponsor/-cnbc
999,Sponsor,CoinBase,https://www.coinbase.com/home,https://consensus-hongkong2025.coindesk.com/site/consensushongkong202/images/userfiles/partners/0e737e817a65db0a9e7b1ddc05a90c28.png,https://consensus-hongkong2025.coindesk.com/agenda/sponsor/-coinbase
999,Sponsor,CoinDesk Indices,http://coindeskmarkets.com,https://consensus-hongkong2025.coindesk.com/site/consensushongkong202/images/userfiles/partners/088d75c37075511eeeb3bf8948d56327.png,https://consensus-hongkong2025.coindesk.com/agenda/sponsor/-coindesk-indices
999,Sponsor,Coindisco,https://coindisco.com/,https://consensus-hongkong2025.coindesk.com/site/consensushongkong202/images/userfiles/partners/9fa344b450aa1d2bdc826041f7ccfd25.png,https://consensus-hongkong2025.coindesk.com/agenda/sponsor/-coindisco
999,Sponsor,CoinRabbit,http://coinrabbit.io,https://consensus-hongkong2025.coindesk.com/site/consensushongkong202/images/userfiles/partners/20ae79b1fa4d6079164fd6eb87dc6c13.png,https://consensus-hongkong2025.coindesk.com/agenda/sponsor/-coinrabbit
999,Sponsor,CoinTelegraph,https://cointelegraph.com/,https://consensus-hongkong2025.coindesk.com/site/consensushongkong202/images/userfiles/partners/0988a5b9d4df1a98ce45589c4080df2c.png,https://consensus-hongkong2025.coindesk.com/agenda/sponsor/-cointelegraph
999,Sponsor,CoinW,https://www.coinw.com/,https://consensus-hongkong2025.coindesk.com/site/consensushongkong202/images/userfiles/partners/16b4119d5df39b1b14414291829dc6be.png,https://consensus-hongkong2025.coindesk.com/agenda/sponsor/-coinw
999,Sponsor,Conflux,https://confluxnetwork.org/,https://consensus-hongkong2025.coindesk.com/site/consensushongkong202/images/userfiles/partners/0653cae89bb75242b4776f9aafd46ab2.png,https://consensus-hongkong2025.coindesk.com/agenda/sponsor/-conflux
999,Sponsor,Core,https://coredao.org/,https://consensus-hongkong2025.coindesk.com/site/consensushongkong202/images/userfiles/partners/364ca0e1510071b824b97026f7efb033.png,https://consensus-hongkong2025.coindesk.com/agenda/sponsor/-core
999,Sponsor,Cregis,https://www.cregis.com,https://consensus-hongkong2025.coindesk.com/site/consensushongkong202/images/userfiles/partners/acc01f40e0a634773a3cdbe77fbce144.png,https://consensus-hongkong2025.coindesk.com/agenda/sponsor/-cregis
999,Sponsor,D2,,https://consensus-hongkong2025.coindesk.com/site/consensushongkong202/images/userfiles/partners/84ea39c93902053ffff30ab1039eced0.png,https://consensus-hongkong2025.coindesk.com/agenda/sponsor/-d2
999,Sponsor,Deframe by Pods,https://pods.finance,https://consensus-hongkong2025.coindesk.com/site/consensushongkong202/images/userfiles/partners/181f08ce14a9b3f98ec93fb7a0a323c0.png,https://consensus-hongkong2025.coindesk.com/agenda/sponsor/-pods
999,Sponsor,Delphi Digital,https://delphidigital.io/,https://consensus-hongkong2025.coindesk.com/site/consensushongkong202/images/userfiles/partners/0ab283791197547d9b22d9dea850a071.png,https://consensus-hongkong2025.coindesk.com/agenda/sponsor/-delphi-digital
999,Sponsor,Dimitra,http://dimitra.io,https://consensus-hongkong2025.coindesk.com/site/consensushongkong202/images/userfiles/partners/33d445e27d891bdbff0ec47364891e28.png,https://consensus-hongkong2025.coindesk.com/agenda/sponsor/-dimitra
999,Sponsor,DLT LAW,https://linktr.ee/dltlaw,https://consensus-hongkong2025.coindesk.com/site/consensushongkong202/images/userfiles/partners/c7836904e7c3ba8def403e2c43dbf00d.png,https://consensus-hongkong2025.coindesk.com/agenda/sponsor/-dlt-law
999,Sponsor,DWF Labs,https://www.dwf-labs.com/,https://consensus-hongkong2025.coindesk.com/site/consensushongkong202/images/userfiles/partners/a1ead9c35e73b4555674d3bc4d0017e5.png,https://consensus-hongkong2025.coindesk.com/agenda/sponsor/-dwf-laba
999,Sponsor,Elliptic,https://www.elliptic.co/,https://consensus-hongkong2025.coindesk.com/site/consensushongkong202/images/userfiles/partners/ef314a8dad69d987ba2678115e181545.png,https://consensus-hongkong2025.coindesk.com/agenda/sponsor/-elliptic
999,Sponsor,EQ Exchange - EQX,https://eq.exchange/,https://consensus-hongkong2025.coindesk.com/site/consensushongkong202/images/userfiles/partners/b3344eda652038965351d915598a554a.png,https://consensus-hongkong2025.coindesk.com/agenda/sponsor/-eq-exchange
999,Sponsor,FDUSD,https://1stdigital.com/,https://consensus-hongkong2025.coindesk.com/site/consensushongkong202/images/userfiles/partners/e189375b45a9423b16b412bba2232982.png,https://consensus-hongkong2025.coindesk.com/agenda/sponsor/-first-digital
999,Sponsor,Fidelity Digital Assets,http://fidelitydigitalassets.com,https://consensus-hongkong2025.coindesk.com/site/consensushongkong202/images/userfiles/partners/a00965cf3e31f7ffab6c9f273ede9c29.png,https://consensus-hongkong2025.coindesk.com/agenda/sponsor/-fidelity-digital-assets
999,Sponsor,Fluence,https://fluence.network/,https://consensus-hongkong2025.coindesk.com/site/consensushongkong202/images/userfiles/partners/e7a2890fb423a0cc322e9cc836af8ef7.png,https://consensus-hongkong2025.coindesk.com/agenda/sponsor/-fluence
999,Sponsor,Forbes,,https://consensus-hongkong2025.coindesk.com/site/consensushongkong202/images/userfiles/partners/38167e83e353938ca1040af852bcf7e3.png,https://consensus-hongkong2025.coindesk.com/agenda/sponsor/-forbes
999,Sponsor,Fortune,,https://consensus-hongkong2025.coindesk.com/site/consensushongkong202/images/userfiles/partners/e74c9e3a0ad280c7a33f0d63515d9d74.png,https://consensus-hongkong2025.coindesk.com/agenda/sponsor/-fortune
999,Sponsor,Foundry,https://foundrydigital.com/,https://consensus-hongkong2025.coindesk.com/site/consensushongkong202/images/userfiles/partners/09ce14d6fd1fba01278ec09a6f2711c3.png,https://consensus-hongkong2025.coindesk.com/agenda/sponsor/-foundry
999,Sponsor,Fractal Bitcoin,http://fractalbitcoin.io,https://consensus-hongkong2025.coindesk.com/site/consensushongkong202/images/userfiles/partners/103f3c1d21403bce8c9f23e79efca775.png,https://consensus-hongkong2025.coindesk.com/agenda/sponsor/-fractal-bitcoin
999,Sponsor,Franck Muller,https://franckmullerencrypto.com/,https://consensus-hongkong2025.coindesk.com/site/consensushongkong202/images/userfiles/partners/26f3c72463eb8248fbb87c7e0b433d62.png,https://consensus-hongkong2025.coindesk.com/agenda/sponsor/-franck-muller
999,Sponsor,FTSE Russell,http://lseg.com/en/ftse-russell/indices/digital-asset-indices,https://consensus-hongkong2025.coindesk.com/site/consensushongkong202/images/userfiles/partners/9bc71a1eeb4662857588cdaa98ac956e.png,https://consensus-hongkong2025.coindesk.com/agenda/sponsor/-ftse
999,Sponsor,Galaxy,http://galaxy.com,https://consensus-hongkong2025.coindesk.com/site/consensushongkong202/images/userfiles/partners/82ec7393133c925c1bc445a0c8fff2cd.png,https://consensus-hongkong2025.coindesk.com/agenda/sponsor/-galaxy
999,Sponsor,Gate.io,https://www.gate.io,https://consensus-hongkong2025.coindesk.com/site/consensushongkong202/images/userfiles/partners/7e9e9248c370aaa58c4b4c07ae13620e.png,https://consensus-hongkong2025.coindesk.com/agenda/sponsor/-gateio
999,Sponsor,Genius Group Limited,https://www.geniusgroup.ai,https://consensus-hongkong2025.coindesk.com/site/consensushongkong202/images/userfiles/partners/539c07ec3bb3ee28e1966cacb5cdcb04.png,https://consensus-hongkong2025.coindesk.com/agenda/sponsor/-genius
999,Sponsor,Google Cloud,https://cloud.google.com/web3,https://consensus-hongkong2025.coindesk.com/site/consensushongkong202/images/userfiles/partners/5bf5c07b17414e3632865fbc244c65de.png,https://consensus-hongkong2025.coindesk.com/agenda/sponsor/-google-cloud
999,Sponsor,Hedera,https://hedera.com/,https://consensus-hongkong2025.coindesk.com/site/consensushongkong202/images/userfiles/partners/e8d67a83c8cdbfcbb2d390eaf4020975.png,https://consensus-hongkong2025.coindesk.com/agenda/sponsor/-hedera
999,Sponsor,Hex Trust,http://www.hextrust.com/consensus2025,https://consensus-hongkong2025.coindesk.com/site/consensushongkong202/images/userfiles/partners/e3648313ab0d073facd008d17b38fae5.png,https://consensus-hongkong2025.coindesk.com/agenda/sponsor/-hex-trust
999,Sponsor,Hotcoin.com,https://www.hotcoin.com/en_US/,https://consensus-hongkong2025.coindesk.com/site/consensushongkong202/images/userfiles/partners/83b24cad5eb05f2fce5fd891416a707b.png,https://consensus-hongkong2025.coindesk.com/agenda/sponsor/-hotcoincom
999,Sponsor,ICG Trading,https://icg.trading,https://consensus-hongkong2025.coindesk.com/site/consensushongkong202/images/userfiles/partners/86e4eec37caf3263beee8cc79fcbbca0.png,https://consensus-hongkong2025.coindesk.com/agenda/sponsor/-icg-trading
999,Sponsor,Incentiv,http://Incentiv.net,https://consensus-hongkong2025.coindesk.com/site/consensushongkong202/images/userfiles/partners/c23bcd8902dfa78d9c6f76d338f75585.png,https://consensus-hongkong2025.coindesk.com/agenda/sponsor/-incentive-blockchain
999,Sponsor,Infinitar,http://www.infinitar.com,https://consensus-hongkong2025.coindesk.com/site/consensushongkong202/images/userfiles/partners/22623880baacb9482f432ded8cdd934f.png,https://consensus-hongkong2025.coindesk.com/agenda/sponsor/-infinitiar
999,Sponsor,InvestHK,https://www.investhk.gov.hk/,https://consensus-hongkong2025.coindesk.com/site/consensushongkong202/images/userfiles/partners/75de4c079854fac370908da0e62ad74f.png,https://consensus-hongkong2025.coindesk.com/agenda/sponsor/-investhk
999,Sponsor,Kava,https://www.kava.io/,https://consensus-hongkong2025.coindesk.com/site/consensushongkong202/images/userfiles/partners/bd8e701dc0d4ba43e2ee4e0d3dd37631.png,https://consensus-hongkong2025.coindesk.com/agenda/sponsor/-kava
999,Sponsor,Kiln,https://www.kiln.fi/,https://consensus-hongkong2025.coindesk.com/site/consensushongkong202/images/userfiles/partners/30059b37c5f68841f0ca440f5341ce6b.png,https://consensus-hongkong2025.coindesk.com/agenda/sponsor/-kiln
999,Sponsor,KuCoin,,https://consensus-hongkong2025.coindesk.com/site/consensushongkong202/images/userfiles/partners/05cd15ac6e5c093c5eb29e0dc63151c5.png,https://consensus-hongkong2025.coindesk.com/agenda/sponsor/-kucoin
999,Sponsor,Listing.Help,https://listing.help/,https://consensus-hongkong2025.coindesk.com/site/consensushongkong202/images/userfiles/partners/19297c8b191237593bdaa55feff34d10.png,https://consensus-hongkong2025.coindesk.com/agenda/sponsor/-listinghelp
999,Sponsor,Luna PR,http://www.lunapr.io/,https://consensus-hongkong2025.coindesk.com/site/consensushongkong202/images/userfiles/partners/7e156146f6eac3f6f8b17a8afe714df5.png,https://consensus-hongkong2025.coindesk.com/agenda/sponsor/-luna-pr
999,Sponsor,MANTRA,http://mantrachain.io,https://consensus-hongkong2025.coindesk.com/site/consensushongkong202/images/userfiles/partners/87d6d427620fe8d0f0047138648c59d4.png,https://consensus-hongkong2025.coindesk.com/agenda/sponsor/-mantra
999,Sponsor,MarketWatch,,https://consensus-hongkong2025.coindesk.com/site/consensushongkong202/images/userfiles/partners/ed153b4cd6a466a0761581aaf3813fde.png,https://consensus-hongkong2025.coindesk.com/agenda/sponsor/-marketwatch
999,Sponsor,Measurable AI,https://measurable.ai,https://consensus-hongkong2025.coindesk.com/site/consensushongkong202/images/userfiles/partners/0d28b294537a4e8027ba15d4de197fc3.png,https://consensus-hongkong2025.coindesk.com/agenda/sponsor/-measurable-ai
999,Sponsor,MeshChain Ai,https://meshchain.ai,https://consensus-hongkong2025.coindesk.com/site/consensushongkong202/images/userfiles/partners/179134134a79f2d0f103dccd2eaf6961.png,https://consensus-hongkong2025.coindesk.com/agenda/sponsor/-meshchain-ai
999,Sponsor,NBC News,,https://consensus-hongkong2025.coindesk.com/site/consensushongkong202/images/userfiles/partners/14027f99a141123f9ffd3de033406601.png,https://consensus-hongkong2025.coindesk.com/agenda/sponsor/-nbc-news
999,Sponsor,Neo,http://neo.org,https://consensus-hongkong2025.coindesk.com/site/consensushongkong202/images/userfiles/partners/37181cead9557558f6046ec63569e2c6.png,https://consensus-hongkong2025.coindesk.com/agenda/sponsor/-neo
999,Sponsor,Nomad Capitalist,http://nomadcapitalist.com,https://consensus-hongkong2025.coindesk.com/site/consensushongkong202/images/userfiles/partners/f0cb1890091e429d925a6208ef87d5e7.png,https://consensus-hongkong2025.coindesk.com/agenda/sponsor/-nomad-capitalist
999,Sponsor,Nonco,https://nonco.com/,https://consensus-hongkong2025.coindesk.com/site/consensushongkong202/images/userfiles/partners/2e4bb31d559b25fb75eb74bc9ee08b7a.png,https://consensus-hongkong2025.coindesk.com/agenda/sponsor/-nonco
999,Sponsor,NTWRK Magazine,,https://consensus-hongkong2025.coindesk.com/site/consensushongkong202/images/userfiles/partners/266223b25bc5222d42fc4220f1cf62a1.png,https://consensus-hongkong2025.coindesk.com/agenda/sponsor/-ntwrk-magazine
999,Sponsor,Ogier,http://www.ogier.com,https://consensus-hongkong2025.coindesk.com/site/consensushongkong202/images/userfiles/partners/6197dacfaff6fb091c71bb5d3cab33ea.png,https://consensus-hongkong2025.coindesk.com/agenda/sponsor/-ogier
999,Sponsor,Orderly,https://orderly.network/,https://consensus-hongkong2025.coindesk.com/site/consensushongkong202/images/userfiles/partners/29f2e0930c782eee4516b46210cfd2cf.png,https://consensus-hongkong2025.coindesk.com/agenda/sponsor/-orderly-network
999,Sponsor,PayPal,http://www.paypal.com,https://consensus-hongkong2025.coindesk.com/site/consensushongkong202/images/userfiles/partners/d2af35146fc9325e43c83a72a67f41d7.png,https://consensus-hongkong2025.coindesk.com/agenda/sponsor/-paypal
999,Sponsor,PlatON,https://www.platon.network/,https://consensus-hongkong2025.coindesk.com/site/consensushongkong202/images/userfiles/partners/d13457b7825bb0264b64b33841b9f41f.png,https://consensus-hongkong2025.coindesk.com/agenda/sponsor/-platon
999,Sponsor,Polkadot,https://polkadot.com/,https://consensus-hongkong2025.coindesk.com/site/consensushongkong202/images/userfiles/partners/63a9635456f735d70b1440aa4d624baa.png,https://consensus-hongkong2025.coindesk.com/agenda/sponsor/-polkadot
999,Sponsor,PR Genius,https://theprgenius.com/,https://consensus-hongkong2025.coindesk.com/site/consensushongkong202/images/userfiles/partners/c14723b4a8e5e5e031785efd58b06116.png,https://consensus-hongkong2025.coindesk.com/agenda/sponsor/-pr-genius
999,Sponsor,PwC,https://www.pwchk.com/home/eng,https://consensus-hongkong2025.coindesk.com/site/consensushongkong202/images/userfiles/partners/052d7396cec7fcc8ac1ca0617544b02e.png,https://consensus-hongkong2025.coindesk.com/agenda/sponsor/-pwc
999,Sponsor,RD Technologies,https://www.rd.group/,https://consensus-hongkong2025.coindesk.com/site/consensushongkong202/images/userfiles/partners/0a3fafa69b86ef458b1f1aa16691236a.png,https://consensus-hongkong2025.coindesk.com/agenda/sponsor/-rd-technologies
999,Sponsor,Realms,https://realms.today/,https://consensus-hongkong2025.coindesk.com/site/consensushongkong202/images/userfiles/partners/b905e4d34b594e30be7ea198888e2880.png,https://consensus-hongkong2025.coindesk.com/agenda/sponsor/-realms-today
999,Sponsor,RewardMe,https://reward.me,https://consensus-hongkong2025.coindesk.com/site/consensushongkong202/images/userfiles/partners/1b73042004b101928537e74ecb12be52.png,https://consensus-hongkong2025.coindesk.com/agenda/sponsor/-rewardme
999,Sponsor,RIA Channel,https://www.riachannel.com/,https://consensus-hongkong2025.coindesk.com/site/consensushongkong202/images/userfiles/partners/654b9592826f9067ba86744a0596a289.png,https://consensus-hongkong2025.coindesk.com/agenda/sponsor/-ria-channel
999,Sponsor,Ripple,https://ripple.com/,https://consensus-hongkong2025.coindesk.com/site/consensushongkong202/images/userfiles/partners/86abed7f8c3f2aaa0d550302eaf29c20.png,https://consensus-hongkong2025.coindesk.com/agenda/sponsor/-ripple
999,Sponsor,Rolling Stone,,https://consensus-hongkong2025.coindesk.com/site/consensushongkong202/images/userfiles/partners/3484508e2f4c6b1a6b3375a045419fe0.png,https://consensus-hongkong2025.coindesk.com/agenda/sponsor/-rolling-stone
999,Sponsor,Rug Radio,,https://consensus-hongkong2025.coindesk.com/site/consensushongkong202/images/userfiles/partners/b2d9ddb7eb9d98179a1f9b7285d5e1b2.png,https://consensus-hongkong2025.coindesk.com/agenda/sponsor/-rug-radio
999,Sponsor,SheFi,https://tinyurl.com/shefi11,https://consensus-hongkong2025.coindesk.com/site/consensushongkong202/images/userfiles/partners/48946efcc40fab7c6f652399fcdfecdd.png,https://consensus-hongkong2025.coindesk.com/agenda/sponsor/-shefi
999,Sponsor,Shift Markets,https://www.shiftmarkets.com/,https://consensus-hongkong2025.coindesk.com/site/consensushongkong202/images/userfiles/partners/0684b485c1758d921d0688634cc0a03f.png,https://consensus-hongkong2025.coindesk.com/agenda/sponsor/-shift-markets
999,Sponsor,Shutterstock,,https://consensus-hongkong2025.coindesk.com/site/consensushongkong202/images/userfiles/partners/5cce2ded224622f6e9f0772f0efd55fa.png,https://consensus-hongkong2025.coindesk.com/agenda/sponsor/-shutterstock
999,Sponsor,Sphere State Group,http://www.spherestate.com,https://consensus-hongkong2025.coindesk.com/site/consensushongkong202/images/userfiles/partners/bca5c4c85309a281e51b4daf02ff6241.png,https://consensus-hongkong2025.coindesk.com/agenda/sponsor/-sphere-state-group
999,Sponsor,Stellar Development Foundation,https://stellar.org/,https://consensus-hongkong2025.coindesk.com/site/consensushongkong202/images/userfiles/partners/367900849425b62d8557676701fc570d.png,https://consensus-hongkong2025.coindesk.com/agenda/sponsor/-stellar-development-foundation
999,Sponsor,StorX Network,http://storx.tech,https://consensus-hongkong2025.coindesk.com/site/consensushongkong202/images/userfiles/partners/583ff7d138b7e1cd8fd0ede5ff680b36.png,https://consensus-hongkong2025.coindesk.com/agenda/sponsor/-storx-foundation
999,Sponsor,Sui,https://sui.io/,https://consensus-hongkong2025.coindesk.com/site/consensushongkong202/images/userfiles/partners/0cc07298709bebb7fbe22b1273dd416f.png,https://consensus-hongkong2025.coindesk.com/agenda/sponsor/-sui
999,Sponsor,Sumsub,http://sumsub.com,https://consensus-hongkong2025.coindesk.com/site/consensushongkong202/images/userfiles/partners/221bade61b8db96086bbe2a263706a13.png,https://consensus-hongkong2025.coindesk.com/agenda/sponsor/-sumsub
999,Sponsor,Sygnum,http://sygnum.com,https://consensus-hongkong2025.coindesk.com/site/consensushongkong202/images/userfiles/partners/665bf007cf4978f2eb9ca43884333d3b.png,https://consensus-hongkong2025.coindesk.com/agenda/sponsor/-sygnum
999,Sponsor,Tabb FORUM,https://tabbforum.com/,https://consensus-hongkong2025.coindesk.com/site/consensushongkong202/images/userfiles/partners/f92b3ad42e570a7711c211c325850898.png,https://consensus-hongkong2025.coindesk.com/agenda/sponsor/-tabb-forum
999,Sponsor,Telos Foundation,https://www.telos.net/,https://consensus-hongkong2025.coindesk.com/site/consensushongkong202/images/userfiles/partners/3444ebf962aaf726a168765485442a91.png,https://consensus-hongkong2025.coindesk.com/agenda/sponsor/-telos-foundation
999,Sponsor,The Defiant,https://thedefiant.io,https://consensus-hongkong2025.coindesk.com/site/consensushongkong202/images/userfiles/partners/fc13d677e7823d0d4553df2a08e85bee.png,https://consensus-hongkong2025.coindesk.com/agenda/sponsor/-thedefiant
999,Sponsor,The New York Times,,https://consensus-hongkong2025.coindesk.com/site/consensushongkong202/images/userfiles/partners/b441a88d0d23e98d6c8f565d92f38975.png,https://consensus-hongkong2025.coindesk.com/agenda/sponsor/-the-new-york-times
999,Sponsor,The Wall Street Journal,,https://consensus-hongkong2025.coindesk.com/site/consensushongkong202/images/userfiles/partners/f6e8ec4a6afa002534a9f1cc40fa8b2f.png,https://consensus-hongkong2025.coindesk.com/agenda/sponsor/-the-wall-street-journal
999,Sponsor,Tokenproof,,https://consensus-hongkong2025.coindesk.com/site/consensushongkong202/images/userfiles/partners/6b741b30294b94545ca9026f651411fa.png,https://consensus-hongkong2025.coindesk.com/agenda/sponsor/-tokenproof
999,Sponsor,Tron Dao,https://trondao.org/,https://consensus-hongkong2025.coindesk.com/site/consensushongkong202/images/userfiles/partners/27546bc0ebd5d33b80cf7c0417157ebc.png,https://consensus-hongkong2025.coindesk.com/agenda/sponsor/-tron-dao
999,Sponsor,ULTIMA CHAIN,https://ultimachain.com,https://consensus-hongkong2025.coindesk.com/site/consensushongkong202/images/userfiles/partners/946e728d57945bd4d59af12c2f2bce2b.png,https://consensus-hongkong2025.coindesk.com/agenda/sponsor/-ultima-chain
999,Sponsor,Uminers,https://uminers.com,https://consensus-hongkong2025.coindesk.com/site/consensushongkong202/images/userfiles/partners/9cca42af5559235610e7e2c90f42a733.png,https://consensus-hongkong2025.coindesk.com/agenda/sponsor/-uminers
999,Sponsor,Umy.com,http://www.umy.com,https://consensus-hongkong2025.coindesk.com/site/consensushongkong202/images/userfiles/partners/e3184d4aba9872f777062aa638cd3e00.png,https://consensus-hongkong2025.coindesk.com/agenda/sponsor/-umycom
999,Sponsor,Unlimit,https://www.unlimint.com/,https://consensus-hongkong2025.coindesk.com/site/consensushongkong202/images/userfiles/partners/9e3960246ddf2caba361d3fc4329c079.png,https://consensus-hongkong2025.coindesk.com/agenda/sponsor/-unlimint
999,Sponsor,VARA,https://vara.network/,https://consensus-hongkong2025.coindesk.com/site/consensushongkong202/images/userfiles/partners/2ea8619740c1d2122db93d007a9281e3.png,https://consensus-hongkong2025.coindesk.com/agenda/sponsor/-vara
999,Sponsor,WEEX,https://www.weex.com/,https://consensus-hongkong2025.coindesk.com/site/consensushongkong202/images/userfiles/partners/2180a62ce2515d9275158ea8b46e391f.png,https://consensus-hongkong2025.coindesk.com/agenda/sponsor/-weex
999,Sponsor,Wintermute,,https://consensus-hongkong2025.coindesk.com/site/consensushongkong202/images/userfiles/partners/824a91627dbeecc4d285fde9dd0dec1f.png,https://consensus-hongkong2025.coindesk.com/agenda/sponsor/-wintermute
999,Sponsor,WOLF Financial,https://wolf.financial/,https://consensus-hongkong2025.coindesk.com/site/consensushongkong202/images/userfiles/partners/6c626bb89fc9395f920bedeb93ca3008.png,https://consensus-hongkong2025.coindesk.com/agenda/sponsor/-wolf-financial
999,Sponsor,ZAN,https://zan.top/,https://consensus-hongkong2025.coindesk.com/site/consensushongkong202/images/userfiles/partners/ce016ef1a5499855d9b3044d2f3e82b8.png,https://consensus-hongkong2025.coindesk.com/agenda/sponsor/-zan
999,Sponsor,Zeebu,https://www.zeebu.com/,https://consensus-hongkong2025.coindesk.com/site/consensushongkong202/images/userfiles/partners/a92b067a815bb98e8bc35969a058debe.png,https://consensus-hongkong2025.coindesk.com/agenda/sponsor/-zeebu
999,Sponsor,zkMe,https://www.zk.me/,https://consensus-hongkong2025.coindesk.com/site/consensushongkong202/images/userfiles/partners/7687cc478fffe3167d79eeba4521812c.png,https://consensus-hongkong2025.coindesk.com/agenda/sponsor/-zkme
